﻿0100008267001;NASS B&B;Alojamiento;Hostal;1 Estrella;Arrendado;AZUAY;CUENCA;A DOS CUADRAS DEL ESTADIO;SN;72834182;info@nasshotels.com;www.nasshotels.com;6;13;0;0;0;SN;SN
0100009380001;LIKAPAAY KUSINA SHOW;Alimentos y Bebidas;Restaurante;PRIMERA;Propio;AZUAY;CUENCA;SN;TURI SECTOR MIRADOR;72888194;SN;SN;0;0;10;0;0;SN;SN
0100015437001;FAMA LA;Alimentos y Bebidas;Fuente de Soda;SEGUNDA;Propio;AZUAY;CUENCA;SN;BOLIVAR 12-86 ;2843739;SN;SN;0;0;7;0;0;SN;SN
0100017466001;COLONIAS LAS No.3;Alimentos y Bebidas;Restaurante;TERCERA;Propio;AZUAY;CUENCA;SN;AV. ESPAÑA Y AV. HURTADO DE MENDOZA;SN2804790;SN;SN;0;0;10;0;0;SN;SN
0100020569001;GALAXIAS LAS;Alimentos y Bebidas;Discoteca;PRIMERA;Propio;AZUAY;CUENCA;SN;NU¥EZ DE BONILLA 2-127;2832791;SN;SN;0;0;15;0;0;SN;SN
0100020734001;VERONICA;Alimentos y Bebidas;Restaurante;TERCERA;Propio;AZUAY;CUENCA;SN;LUIS CORDERO 5-87;2837043;SN;SN;0;0;1;0;0;SN;SN
0100024025001;QUINTA ELOISA;Intermediación;SALA DE RECEPCIONES Y BANQUETES;SEGUNDA;Propio;AZUAY;CUENCA;SN;JOSE RAFAEL PEÑAHERRERA Y FERNANDO DE ARAGON ;72829459;DRRAQUEL@LIVE.COM;SN;0;0;20;0;0;SN;SN
0100025394001;PINGUINO;Alimentos y Bebidas;Fuente de Soda;TERCERA;Propio;AZUAY;CUENCA;SN;REMIGIO CRESPO 6 87;2810586;SN;SN;0;0;5;0;0;SN;SN
0100037159001;VILLA VERDE RECEPCIONES Y EVENTOS;Intermediación;SALA DE RECEPCIONES Y BANQUETES;SEGUNDA;Propio;AZUAY;CUENCA;SN;AV. DE LAS AMERICAS 9-263 Y MANUELA SAENZ ;983123255;info@villaverdeventos.com;SN;0;0;37;0;0;SN;SN
0100042225001;COLMENA LA ;Alimentos y Bebidas;Fuente de Soda;SEGUNDA;Propio;AZUAY;CUENCA;SN;LUIS CORDERO Y GRAN COLOMBIA;2845849;SN;SN;0;0;3;0;0;SN;SN
